{
    "features": [
        "flow_duration",
        "total_fwd_packets",
        "total_bwd_packets",
        "total_len_fwd",
        "total_len_bwd",
        "fwd_mean",
        "bwd_mean",
        "flow_pps",
        "syn_packets",
        "ack_packets",
        "fin_packets",
        "rst_packets",
        "psh_packets",
        "urg_packets",
        "entropy",
        "avg_window_size"
    ],
    "mean": [
        3893853.3395896335,
        9.975649056375758,
        0.7282839821259528,
        4046.672103883548,
        627.6960289805866,
        525.7465198886964,
        6.4188463127215165,
        1149214.9394293614,
        0.0003165075976210138,
        0.1705688216997609,
        0.0,
        0.006131615368458004,
        0.0,
        0.025726313002995313,
        0.0,
        1452.7771268591225
    ],
    "scale": [
        18375357.739735343,
        134.16335102304694,
        54.902837819268434,
        14678.619097812118,
        105489.52839106206,
        521.6716836022631,
        66.77139318520913,
        902090.8493445631,
        0.017787844741926226,
        0.3761317571860539,
        1.0,
        0.07806419577120444,
        1.0,
        0.1583176232206684,
        1.0,
        5376.052639826258
    ],
    "use_log1p": false
}